complex.id,peptide,potential,score
6uk4_TCRpMHCmodels_polyV.pdb,KQWLVWLFL,TCRen,-2.43171775190513
6uk4_TCRpMHCmodels_polyV.pdb,QLYRVLQCA,TCRen,-1.6205578279749
6uk4_TCRpMHCmodels_polyV.pdb,SYGRVLFAV,TCRen,-1.12060040771466
6uk4_TCRpMHCmodels_polyV.pdb,GQARQSRPV,TCRen,-0.105285570006915
6uk4_TCRpMHCmodels_polyV.pdb,LLSATIFLV,TCRen,0.354692404762339
6uk4_TCRpMHCmodels_polyV.pdb,RLLHPHHPL,TCRen,0.462709628299383
6uk4_TCRpMHCmodels_polyV.pdb,WLLLGPMVV,TCRen,1.15034902532361
6uk4_TCRpMHCmodels_polyV.pdb,WLFLGHMVV,TCRen,1.35084644022667
6uk4_TCRpMHCmodels_polyV.pdb,ALDAPLFGI,TCRen,1.42760721461327
6uk4_TCRpMHCmodels_polyV.pdb,RVLQCANLL,TCRen,2.09693340967717
6uk4_TCRpMHCmodels_polyV.pdb,ALLDGGLPA,TCRen,2.39907516857728
6uk4_TCRpMHCmodels_polyV.pdb,WVYEGTVLL,TCRen,2.97035228971672
6uk4_TCRpMHCmodels_polyV.pdb,GQALAEFAA,TCRen,3.90695771801514
6uk4_TCRpMHCmodels_polyV.pdb,LLDGGLPAG,TCRen,4.31414595183005
6uk4_TCRpMHCmodels_polyV.pdb,FISGRFPYS,TCRen,4.44439770592924
6uk4_TCRpMHCmodels_polyV.pdb,FLVFPFIAI,TCRen,5.04143741041468
6uk4_TCRpMHCmodels_polyV.pdb,RVLFAVYHM,TCRen,5.18522858893488
6uk4_TCRpMHCmodels_polyV.pdb,VLLSATIFL,TCRen,5.2542236788168
6uk4_TCRpMHCmodels_polyV.pdb,SEDSGNFSV,TCRen,5.49041596219
6uk4_TCRpMHCmodels_polyV.pdb,AISCSYGQV,TCRen,6.81557843901287
