NAGVTQTPKFQVLKTGQSMTLQCAQDMNHEYMSWYRQDPGMGLRLIHYSVGAGITDQGEVPNGYNVSRSTTEDFPLRLLSAAPSQTSVYFCASRPGLAGGRPEQYFGPGTKLTVL	1
NAGVTQTPKFQVLKTGQSMTLQCAQDMNHEYMSWYRQDPGMGLRLIHYSVGAGITDQGEVPNGYNVSRSTTEDFPLRLLSAAPSQTSVYFCASSYPGGGFYEQYFGPGTKLTVL	2
EAAVTQSPRNKVAVTGGKVTLSCNQTNNHNNMYWYRQDTGHGLRLIHYSYGAGSTEKGDIPDGYKASRPSQENFSLILELATPSQTSVYFCASGGQGRAEQFFLSVL	3
TSLVEQKPRWVLVPRRQAETLRCILKDSQYPWMSWYQQDLRGQLQVLASLRRTGDKEVINLPGANYRATRVSESELSLHVANVTQGRTLFCTCSADRVGNTLYFAAV	4
DAQVTQTPRYLVKRRGEKVVIECIQNMDHERMFWYRQDPALGLRLLHFSIDAGTVEEGDVPHGYSVSRKKKESFPLTLASATTNQTSMYLCASSSTGLPYGYTFKLTVV	5
EAAVTQSPRNKVAVTGGKVTLSCNQTNNHNNMYWYRQDTGHGLRLIHYSYGAGSTEKGDIPDGYKASRPSQENFSLILELATPSQTSVYFCASGGGGTLYFTVL	6
TSLVEQKPRWVLVPRRQAETLRCILKDSQYPWMSWYQQDLRGQLQVLASLRRTGDKEVINLPGANYRATRVSESELSLHVANVTQGRTLFCTCSAAPDWGASAETLYFGGGTRLLVL	7
EAAVTQSPRSKVAVTGGKVTLSCHQTNNHDYMYWYRQDTGHGLRLIHYSYVADSTEKGDIPDGYKASRPSQENFSLILELASLSQTAVYFCASSDWVSYEQYFGPGTKLTVL	8
GAGVSQSPRYKVAKRGQDVALRCDPISGHVSLFWYQQALGQGPEFLTYFQNEAQLDKSGLPSDRFFAERPEGSVSTLKIQRTQQEDSAVYLCASSLGQAYEQYFGPGTKLTVL	9
DGGITQTPKYVLKEEGRDVTLECEQDFNYDTMYWYRQDPGQRPRLIYFSLSAKDVQKGDMAEGYSASREKKPLFPLTVTLTQKNQTAVYLCASSSRSSYEQYFGPGTKLTVL	10
EAAVTQSPRNKVAVTGGKVTLSCNQTNNHNNMYWYRQDTGHGLRLIHYSYGAGSTEKGDIPDGYKASRPSQENFSLILELATPSQTSVYFCASGDAGGGYEQYFGPGTKLTVL	11
GALVSQQPRRAVSKSGASVTIECRALDFQATTVFWYRQFLKRGLVLMATSNEGTDATYEQGYTKDKFPISHPDLTFSSLTVTRVDPADSSLYFCSARDLTSGANNEQFFGPGTRLSVL	12
KAGVTQTPRYLIKTRGQQVTLSCSPISGHRSVSWYQQTPGQGLQFLFEYFSETQRNKGNFPGRFSGRQFSNSRSEMNVSTLELGDSALYLCASSLADRVNTEAFFGKGTRLTVV	13
HAGVTQDPRFQVVRSGQKPTLRCTQDLNHNYMYWYRQDLGRGLRLIHYSNGPPNTENGDVPEGYSVSRPSTEDFPLTLESANPSQTSVYFCASPGLAGEYEQYFGPGTKLTVL	14
NAGVTQTPKFQVLKTGQSMTLQCAQDMNHEYMSWYRQDPGMGLRLIHYSVGAGITDQGEVPNGYNVSRSTTEDFPLRLLSAAPSQTSVYFCASSYVGNTGELFFGAGSKLTVL	15
SAEVAQSPSHRVIEKKQAVNLSCDPISGHESLFWYYHAVGKEMKLLIYFLRESMQDDSGMPKGRFTAERMEGTSSMLRVHSAELGDSGVYFCASSQDRDTQYFGGGTRLLVL	16
NAGVTQTPKFRILKIGQSMTLQCTQDMNHNYMYWYRQDPGMGLKLIYYSVGAGITDKGEVPNGYNVSRSTTEDFPLRLELAAPSQTSVYFCASTYHGTGYFGGEGRRLAAV	17
DAGITQSPRHKVTETGTPVTLRCHQTENHRYMYWYRQDPGHGLRLIHYSYGVKDTDKGEVSDGYSVSRSKTEDFLLTLESATSSQTSVYFCATGTGDSNQPQHFGHGTWLAVL	18
EAAVTQSPRNKVAVTGGKVTLSCNQTNNHNNMYWYRQDTGHGLRLIHYSYGAGSTEKGDIPDGYKASRPSQENFSLILELATPSQTSVYFCASGDASGAETLYFLVL	19
DGGITQTPKYVLKEEGRDVTLECEQDFNYDTMYWYRQDPGQRPRLIYFSLSAKDVQKGDMAEGYSASREKKPLFPLTVTLTQKNQTAVYLCASTGSYGYTFGPGTKLTVV	20
EAAVTQSPRSKVAVTGGKVTLSCHQTNNHDYMYWYRQDTGHGLRLIHYSYVADSTEKGDIPDGYKASRPSQENFSLILELASLSQTAVYFCASIDSSGNTLYFFGVGGGEGRRLAAV	21
EAAVTQSPRNKVAVTGGKVTLSCNQTNNHNNMYWYRQDTGHGLRLIHYSYGAGSTEKGDIPDGYKASRPSQENFSLILELATPSQTSVYFCASGDFWGDTLYFTVL	22
EAAVTQSPRNKVAVTGGKVTLSCNQTNNHNNMYWYRQDTGHGLRLIHYSYGAGSTEKGDIPDGYKASRPSQENFSLILELATPSQTSVYFCASGDAWGYEQYFGPGTKLTVL	23
DTGVSQNPRHKITKRGQNVTFRCDPISEHNRLYWYRQTLGQGPEFLTYFQNEAQLEKSRLLSDRFSAERPKGSFSTLEIQRTEQGDSAMYLCASRYRDDSYNEQFFGPGTRLSVL	24
EAGVAQSPRYKIIEKRQSVAFWCNPISGHATLYWYQQILGQGPKLLIQFQNNGVVDDSQLPKDRFSAERLKGVDSTLKIQPAKLEDSAVYLCASSFTWTSGGATDTQYFRLLVL	25
NAGVTQTPKFQVLKTGQSMTLQCAQDMNHEYMSWYRQDPGMGLRLIHYSVGAGITDQGEVPNGYNVSRSTTEDFPLRLLSAAPSQTSVYFCASSPVTGGIYGYTFGPGTKLTVV	26
TQTIHQWPSTRVQPAGSPLSLECTVKGTSNPTLYWYRQEAGGSLQQLFYSVSAGQIEPREFQNFKASRPQDGQFTLSSKKLQLNNSGFYFCAWSETGLGTGELFF	27
EAAVTQSPRSKVAVTGGKVTLSCHQTNNHDYMYWYRQDTGHGLRLIHYSYVADSTEKGDIPDGYKASRPSQENFSLILELASLSQTAVYFCASSWDRAGNTLYFFGVGGGEGRRLAAV	28
DSRVMQTPKYLIQVKGQQATLKCSPVSGHLSVYWYQQNLDQGFRFLIQYYSGEERDKGNIPDRFSVRQFPDSSSELTLRVLELGDSALFLCASSARSGELFFTVL	29
TQTIHQWPSTRVQPAGSPLSLECTVKGTSNPTLYWYRQEAGGSLQQLFYSVSAGQIEPREFQNFKASRPQDGQFTLSSKKLQLNNSGFYFCAWSVSVGAGVPTIYF	30
GALVSQQPRRAVSKSGASVTIECRALDFQATTVFWYRQFLKRGLVLMATSNEGTDATYEQGYTKDKFPISHPDLTFSSLTVTRVDPADSSLYFCSARDGTGNGYTFKLTVV	31
GALVSQQPRRAVSKSGASVTIECRALDFQATTVFWYRQFLKRGLVLMATSNEGTDATYEQGYTKDKFPISHPDLTFSSLTVTRVDPADSSLYFCSARGGSYNSPLHFGIGTRLIVT	32
GAGVSQTPSNKVTEKGKYVELRCDPISGHTALYWYRQSLGQGPEFLIYFQGTGAADDSGLPNDRFFAVRPEGSVSTLKIQRTERGDSAVYLCATSALGDTQYFGGGTRLLVL	33
GALVSQKPSRAICQHGVSVMIQCEADSQVISMYWYRQRPGQSLSLIATANQGSQATYESGFAKEKFPISRPSLNFSVLTVSSVSPEDSSSYFCASSFGREQYFGPGTKLTVL	34
IAGITQAPTSQILAAGRRMTLRCTQDMRHNAMYWYRQDLGLGLRLIHYSNTAGTTGKGEVPDGYSVSRANTDDFPLTLASAVPSQTSVYFCASSLSFGTEAFFGKGTRLTVV	35
DAGITQSPRHKVTETGTPVTLRCHQTENHRYMYWYRQDPGHGLRLIHYSYGVKDTDKGEVSDGYSVSRSKTEDFLLTLESATSSQTSVYFCAISEVGVGQPQHFGHGTWLAVL	36
DAAVTQFPRRRILETEKEFTLQCSQKMNHYAMYWYRQDPGFGLRLIYYSTGPDSFKKGDVPEGYHVSRDELEHFPLTLKSASPNQTSVYFCASSLNWSQDTQYFGPGTRLLVL	37
DAAVTQFPRRRILETEKEFTLQCSQKMNHYAMYWYRQDPGFGLRLIYYSTGPDSFKKGDVPEGYHVSRDELEHFPLTLKSASPNQTSVYFCASSLNNANSDYTFGPGTKLTVV	38
HAGVTQDPRFQVVRRGQSTTLTCTQDLGHNYMYWYRQDLGHGLRLIYYSAGPPTTEKGDVPNGYRVSRSSKENIPLTLESANRSQTSVYFCASGQGNFDIQYFGAGTRLTVL	39
EAAVTQSPRNKVTVTGGNVTLSCRQTNSHNYMYWYRQDTGHGLRLIHYSYGAGNLRIGDVPDGYKATRTTQEDFFLLLELASPSQTSLYFCASSDAPGQLYFGAGSKLTVL	40
DAGVIQSPRHEVTEMGQEVTLRCKPISGHDYLFWYRQTMMRGLELLIYFNNNVPIDDSGMPEDRFSAKMPNASFSTLKIQPSEPRDSAVYFCASSLWEKLAKNIQYFGAGTRLTVL	41
DTGITQTPKHLVTGPGRRVTLNCEQHLGHDAVYWYQQRAQKPPKLMFAYRYKELIENEPASGRFSPECPDSSRLYLHVDALEPDDSALYLCASSPTSGIYEQYFGPGTKLTVL	42
DTGVSQNPRHKITKRGQNVTFRCDPISEHNRLYWYRQTLGQGPEFLTYFQNEAQLEKSRLLSDRFSAERPKGSFSTLEIQRTEQGDSAMYLCASSSWDTGELFF	43
EAGVTQSPTHLIKTRGQQATLRCSPISGHTSVYWYQQALGLGLQFLLWYDEGEERNRGNFPPRFSGRQFPNYSSELNVNALELEDSALYLCASSQIRETQYFGPGTRLLVL	44
DAQVTQTPRYLVKRRGEKVVIECIQNMDHERMFWYRQDPALGLRLLHFSIDAGTVEEGDVPHGYSVSRKKKESFPLTLASATTNQTSMYLCASSFLGTGVEQYFGPGTKLTVL	45
NAGVTQTPKFQVLKTGQSMTLQCAQDMNHEYMSWYRQDPGMGLRLIHYSVGAGITDQGEVPNGYNVSRSTTEDFPLRLLSAAPSQTSVYFCASRPGLMSAQPEQYFGPGTKLTVL	46
NAGVTQTPKFQVLKTGQSMTLQCAQDMNHEYMSWYRQDPGMGLRLIHYSVGAGITDQGEVPNGYNVSRSTTEDFPLRLLSAAPSQTSVYFCASREGLGGTEAFFGKGTRLTVV	47
DSRVMQTPKYLIQVKGQQATLKCSPVSGHLSVYWYQQNLDQGFRFLIQYYSGEERDKGNIPDRFSVRQFPDSSSELTLRVLELGDSALFLCASSVAVSAGTYEQYFGPGTKLTVL	48
DGGITQTPKYVLKEEGRDVTLECEQDFNYDTMYWYRQDPGQRPRLIYFSLSAKDVQKGDMAEGYSASREKKPLFPLTVTLTQKNQTAVYLCASSLRDGYTGELFF	49
TQTIHQWPSTRVQPAGSPLSLECTVKGTSNPTLYWYRQEAGGSLQQLFYSVSAGQIEPREFQNFKASRPQDGQFTLSSKKLQLNNSGFYFCAWSETGLGMGGWQF	50
DSGVTQTPKYLIKSRKQQVILRCSPESGHLYVSWYQQALGQGPQFLIQYYNGKENEKGNMPDRFSGEQFSDSSSQMNLSSLELTDSAVYLCASSRTGSTYEQYFGPGTKLTVL	51
GAGVSQTPSNKVTEKGKYVELRCDPISGHTALYWYRQSLGQGPEFLIYFQGTGAADDSGLPNDRFFAVRPEGSVSTLKIQRTERGDSAVYLCASSLTGGGELFF	52
NAGVTQTPKFQVLKTGQSMTLQCAQDMNHEYMSWYRQDPGMGLRLIHYSVGAGITDQGEVPNGYNVSRSTTEDFPLRLLSAAPSQTSVYFCASSYQGTEAFFGKGTRLTVV	53
AGVVSQSPGYRVAGRGQTVNFRCDPIPGHQVLYWYRQMLGQGLEYLTYFQGKEEPDKSGMPKNRFSAERPESTYSYLKIQPVEPEDSALYLCASSFRALAADTQYFGGGTRLLVL	54
AGVVSQSPGYRVAGRGQTVNFRCDPIPGHQVLYWYRQMLGQGLEYLTYFQGKEEPDKSGMPKNRFSAERPESTYSYLKIQPVEPEDSALYLCASSFRFTDTQYFGGGTRLLVL	55
AGVVSQSPGYRVAGRGQTVNFRCDPIPGHQVLYWYRQMLGQGLEYLTYFQGKEEPDKSGMPKNRFSAERPESTYSYLKIQPVEPEDSALYLCASSVRSTDTQYFGGGTRLLVL	56
GALVSQQPRRAVSKSGASVTIECRALDFQATTVFWYRQFLKRGLVLMATSNEGTDATYEQGYTKDKFPISHPDLTFSSLTVTRVDPADSSLYFCSAGVGGQETQYFGPGTRLLVL	57
KAGVTQTPRYLIKTRGQQVTLSCSPISGHRSVSWYQQTPGQGLQFLFEYFSETQRNKGNFPGRFSGRQFSNSRSEMNVSTLELGDSALYLCASSLAQGGETQYFGPGTRLLVL	58
EAGVAQSPRYKIIEKRQSVAFWCNPISGHATLYWYQQILGQGPKLLIQFQNNGVVDDSQLPKDRFSAERLKGVDSTLKIQPAKLEDSAVYLCASSLRGRGDQPQHFGHGTWLAVL	59
KAGVTQTPRYLIKTRGQQVTLSCSPISGHRSVSWYQQTPGQGLQFLFEYFSETQRNKGNFPGRFSGRQFSNSRSEMNVSTLELGDSALYLCASSLEGGYYNEQFFGPGTRLSVL	60
GAGVIQTPRHLIKGSGGKALLECHLVSGHNTVRWYKQAPGQGPQFLFEYYRQEQRDKGDVSARFSAQQFSDASSQLEMNPLELGDSALYLCAAWDDSLNGWVFV	61
HAGVTQDPRFQVVRRGQSTTLTCTQDLGHNYMYWYRQDLGHGLRLIYYSAGPPTTEKGDVPNGYRVSRSSKENIPLTLESANRSQTSVYFCASRPRRDNEQFFGPGTRLSVL	62
HAGVTQDPRFQVVRRGQSTTLTCTQDLGHNYMYWYRQDLGHGLRLIYYSAGPPTTEKGDVPNGYRVSRSSKENIPLTLESANRSQTSVYFCASRPRDPVTQYFGGGTRLLVL	63
DSRVMQTPKYLIQVKGQQATLKCSPVSGHLSVYWYQQNLDQGFRFLIQYYSGEERDKGNIPDRFSVRQFPDSSSELTLRVLELGDSALFLCASSTTPGTGTETQYFGPGTRLLVL	64
DSRVMQTPKYLIQVKGQQATLKCSPVSGHLSVYWYQQNLDQGFRFLIQYYSGEERDKGNIPDRFSVRQFPDSSSELTLRVLELGDSALFLCASSAGTSGEYEQYFGPGTKLTVL	65
HAGVTQDPRFQVVRSGQKPTLRCTQDLNHNYMYWYRQDLGRGLRLIHYSNGPPNTENGDVPEGYSVSRPSTEDFPLTLESANPSQTSVYFCASSEARRYNEQFFGPGTRLSVL	66
KAGVTQTPRYLIKTRGQQVTLSCSPISGHRSVSWYQQTPGQGLQFLFEYFSETQRNKGNFPGRFSGRQFSNSRSEMNVSTLELGDSALYLCASSFNMATGQYFGPGTKLTVL	67
AGVVSQSPGYRVAGRGQTVNFRCDPIPGHQVLYWYRQMLGQGLEYLTYFQGKEEPDKSGMPKNRFSAERPESTYSYLKIQPVEPEDSALYLCASSQTQLWETQYFGPGTRLLVL	68
GAGVSQSPRYKVTKRGQDVALRCDPISGHVSLYWYRQALGQGPEFLTYFNYEAQQDKSGLPNDRFSAERPEGSISTLTIQRTEQRDSAMYRCASSLAPGTTNEKLFFSVL	69
EADVTQSPRHRITETRTRVTLTCSQNMNHDAMYWYRQDPGLGPKLIYFSRNVGFIENGDIPDGYTASREEKPNFPLTLELASTNQTSLYLCASSLIYPGELFFTVL	70
NAGVTQTPKFQVLKTGQSMTLQCAQDMNHEYMSWYRQDPGMGLRLIHYSVGAGITDQGEVPNGYNVSRSTTEDFPLRLLSAAPSQTSVYFCASRPGWMAGGVELYF	71
GAGVSQTPSNKVTEKGKYVELRCDPISGHTALYWYRQSLGQGPEFLIYFQGTGAADDSGLPNDRFFAVRPEGSVSTLKIQRTERGDSAVYLCASSFIGGTDTQYFRLLVL	72
DGGITQTPKYVLKEEGRDVTLECEQDFNYDTMYWYRQDPGQRPRLIYFSLSAKDVQKGDMAEGYSASREKKPLFPLTVTLTQKNQTAVYLCASSIRSSYEQYFGPGTKLTVL	73
DGGITQTPKYVLKEEGRDVTLECEQDFNYDTMYWYRQDPGQRPRLIYFSLSAKDVQKGDMAEGYSASREKKPLFPLTVTLTQKNQTAVYLCASSIFGQREQYFGPGTKLTVL	74
GALVSQKPSRAICQHGVSVMIQCEADSQVISMYWYRQRPGQSLSLIATANQGSQATYESGFAKEKFPISRPSLNFSVLTVSSVSPEDSSSYFCASSLGHTEVFFGKGTRLTVV	75
DGGITQTPKYVLKEEGRDVTLECEQDFNYDTMYWYRQDPGQRPRLIYFSLSAKDVQKGDMAEGYSASREKKPLFPLTVTLTQKNQTAVYLCASSIGVYGYTFGPGTKLTVV	76
EADIYQTPRYLVIGTGKKITLECSQTMGHDKMYWYQQDPGMELHLIHYSYGVNSTEKGDLSSESTVSRIRTEHFPLTLESARPSHTSQYLCASRRGPYEQYFGPGTKLTVL	77
DSRVMQTPKYLIQVKGQQATLKCSPVSGHLSVYWYQQNLDQGFRFLIQYYSGEERDKGNIPDRFSVRQFPDSSSELTLRVLELGDSALFLCASSVAPGSDTQYFGGGTRLLVL	78
DSRVMQTPKYLIQVKGQQATLKCSPVSGHLSVYWYQQNLDQGFRFLIQYYSGEERDKGNIPDRFSVRQFPDSSSELTLRVLELGDSALFLCASSVAGTPSYEQYFGPGTKLTVL	79
DSRVMQTPKYLIQVKGQQATLKCSPVSGHLSVYWYQQNLDQGFRFLIQYYSGEERDKGNIPDRFSVRQFPDSSSELTLRVLELGDSALFLCASSNRGLGTDTQYFGGGTRLLVL	80
EAAVTQSPRSKVAVTGGKVTLSCHQTNNHDYMYWYRQDTGHGLRLIHYSYVADSTEKGDIPDGYKASRPSQENFSLILELASLSQTAVYFCASSDAGGRNTLYF	81
DGGITQTPKYVLKEEGRDVTLECEQDFNYDTMYWYRQDPGQRPRLIYFSLSAKDVQKGDMAEGYSASREKKPLFPLTVTLTQKNQTAVYLCASSQGLAGAGELFFTVL	82
DSGVTQTPKYLIKSRKQQVILRCSPESGHLYVSWYQQALGQGPQFLIQYYNGKENEKGNMPDRFSGEQFSDSSSQMNLSSLELTDSAVYLCASSDTVSYEQYFGPGTKLTVL	83
EPGVSQTPRHKVTNMGQEVILRCDPSSGHMFVHWYRQNLRQEMKLLISFQYQNIAVDSGMPKERFTAERPNGTSSTLKIHPAEPRDSAVYLYCASSAGLDAEQYFGPGTRLLVL	84
EPGVSQTPRHKVTNMGQEVILRCDPSSGHMFVHWYRQNLRQEMKLLISFQYQNIAVDSGMPKERFTAERPNGTSSTLKIHPAEPRDSAVYLYCASSRDLGRDTQYFGGGTRLLVL	85
EADVTQSPRHRITETRTRVTLTCSQNMNHDAMYWYRQDPGLGPKLIYFSRNVGFIENGDIPDGYTASREEKPNFPLTLELASTNQTSLYLCASSLLGGWSEAFFGKGTRLTVV	86
DSRVMQTPKYLIQVKGQQATLKCSPVSGHLSVYWYQQNLDQGFRFLIQYYSGEERDKGNIPDRFSVRQFPDSSSELTLRVLELGDSALFLCASSANPGDSSNEKLFFSVL	87
EAGVAQSPRYKIIEKRQSVAFWCNPISGHATLYWYQQILGQGPKLLIQFQNNGVVDDSQLPKDRFSAERLKGVDSTLKIQPAKLEDSAVYLCASSLGQGLLYGYTFVV	88
EAAVTQSPRSKVAVTGGKVTLSCHQTNNHDYMYWYRQDTGHGLRLIHYSYVADSTEKGDIPDGYKASRPSQENFSLILELASLSQTAVYFCASSDWGDTGQLYFGAGSKLTVL	89
HAGVTQDPRFQVVRSGQKPTLRCTQDLNHNYMYWYRQDLGRGLRLIHYSNGPPNTENGDVPEGYSVSRPSTEDFPLTLESANPSQTSVYFCASRTRGGTLIEQYFGPGTKLTVL	90
DAQVTQTPRYLVKRRGEKVVIECIQNMDHERMFWYRQDPALGLRLLHFSIDAGTVEEGDVPHGYSVSRKKKESFPLTLASATTNQTSMYLCASSQRQEGDTQYFGGGTRLLVL	91
DSRVMQTPKYLIQVKGQQATLKCSPVSGHLSVYWYQQNLDQGFRFLIQYYSGEERDKGNIPDRFSVRQFPDSSSELTLRVLELGDSALFLCASSGGHTGSNEQFFVL	92
GAGVIQTPRHLIKGSGGKALLECHLVSGHNTVRWYKQAPGQGPQFLFEYYRQEQRDKGDVSARFSAQQFSDASSQLEMNPLELGDSALYLCASSFRGGKTQYFGPGTRLLVL	93
ELGVSQSPRHYVTAMGQNVTLRCDPIPGHLYLSWYRQTPGKGMEFLLSFYNKAPSEKADFLKDHFLAEMPNGLYLTLKIQPVQPGDSAMILCASSRLAGGMDEQFFGPGTRLSVL	94
EAAVTQSPRNKVTVTGGNVTLSCRQTNSHNYMYWYRQDTGHGLRLIHYSYGAGNLRIGDVPDGYKATRTTQEDFFLLLELASPSQTSLYFCASSDGDYEQYFGPGTKLTVL	95
DGGITQTPKYVLKEEGRDVTLECEQDFNYDTMYWYRQDPGQRPRLIYFSLSAKDVQKGDMAEGYSASREKKPLFPLTVTLTQKNQTAVYLCASSMSAMGTEAFFGKGTRLTVV	96
DAGVIQSPRHEVTEMGQEVTLRCKPISGHNSLFWYRQTMMRGLELLIYFNNNVPIDDSGMPEDRFSAKMPNASFSTLKIQPSEPRDSAVYFCASSRTSPTDTQYFGGGTRLLVL	97
GAGVSQTPSNKVTEKGKYVELRCDPISGHTALYWYRQSLGQGPEFLIYFQGTGAADDSGLPNDRFFAVRPEGSVSTLKIQRTERGDSAVYLCASSHGASTDTQYFGGGTRLLVL	98
EAGVAQSPRYKIIEKRQSVAFWCNPISGHATLYWYQQILGQGPKLLIQFQNNGVVDDSQLPKDRFSAERLKGVDSTLKIQPAKLEDSAVYLCASSSGGWGGGTEAFFGKGTRLTVV	99
EAGVAQSPRYKIIEKRQSVAFWCNPISGHATLYWYQQILGQGPKLLIQFQNNGVVDDSQLPKDRFSAERLKGVDSTLKIQPAKLEDSAVYLCASSPLDVSISSYNEQFFGPGTRLSVL	100
GAGVSQSPRYKVTKRGQDVALRCDPISGHVSLYWYRQALGQGPEFLTYFNYEAQQDKSGLPNDRFSAERPEGSISTLTIQRTEQRDSAMYRCASSSPGGVSTEAFFGKGTRLTVV	101
SAVISQKPSRDICQRGTSLTIQCQVDSQVTMMFWYRQQPGQSLTLIATANQGSEATYESGFVIDKFPISRPNLTFSTLTVSNMSPEDSSIYLCSVGGSGGADTQYFRLLVL	102
NAGVTQTPKFQVLKTGQSMTLQCAQDMNHEYMSWYRQDPGMGLRLIHYSVGAGITDQGEVPNGYNVSRSTTEDFPLRLLSAAPSQTSVYFCASSYLNRDSALDF	103
DTGVSQNPRHKITKRGQNVTFRCDPISEHNRLYWYRQTLGQGPEFLTYFQNEAQLEKSRLLSDRFSAERPKGSFSTLEIQRTEQGDSAMYLCASSLGFGRDVMRFL	104
DAQVTQTPRYLVKRRGEKVVIECIQNMDHERMFWYRQDPALGLRLLHFSIDAGTVEEGDVPHGYSVSRKKKESFPLTLASATTNQTSMYLCASSFLMTSGDPYEQYFGPGTKLTVL	105
DAGVTQSPTHLIKTRGQQVTLRCSPISGHKSVSWYQQVLGQGPQFIFQYYEKEERGRGNFPDRFSARQFPNYSSELNVNALLLGDSALYLCASSLEGQGASEQFFVL	106
DSGVTQTPKYLIKSRKQQVILRCSPESGHLYVSWYQQALGQGPQFLIQYYNGKENEKGNMPDRFSGEQFSDSSSQMNLSSLELTDSAVYLCASSLGEGRVDGYTFGPGTKLTVV	107
DAGITQSPRYKITETGRQVTLMCHQTWSHSYMFWYRQDLGHGLRLIYYSAAADITDKGEVPDGYVVSRSKTENFPLTLESATRSQTSVYFCASSDPGTEAFFGKGTRLTVV	108
DPGITQIPKYLVMGMTDKKSLTCEQHLGHDAMYWYKQSAQKPPELMFIHNYQKLTGNESVPSRFWSECPDSSQCRLDLNALKPQDSAIYLCASSLDWGGQNTLYFTVL	109
DPGITQIPKYLVMGMTDKKSLTCEQHLGHDAMYWYKQSAQKPPELMFIHNYQKLTGNESVPSRFWSECPDSSQCRLDLNALKPQDSAIYLCASSLDWGVNTLYFGAGTRLTVL	110
DGGITQTPKYVLKEEGRDVTLECEQDFNYDTMYWYRQDPGQRPRLIYFSLSAKDVQKGDMAEGYSASREKKPLFPLTVTLTQKNQTAVYLCASSITLSSYNEQFFGPGTRLSVL	111
DGGITQTPKYVLKEEGRDVTLECEQDFNYDTMYWYRQDPGQRPRLIYFSLSAKDVQKGDMAEGYSASREKKPLFPLTVTLTQKNQTAVYLCASSMGGTYEQYFGPGTKLTVL	112
DTGITQTPKHLVTGPGRRVTLNCEQHLGHDAVYWYQQRAQKPPKLMFAYRYKELIENEPASGRFSPECPDSSRLYLHVDALEPDDSALYLCASSQDLFTGGYTFKLTVV	113
EADVTQSPRHRITETRTRVTLTCSQNMNHDAMYWYRQDPGLGPKLIYFSRNVGFIENGDIPDGYTASREEKPNFPLTLELASTNQTSLYLCASSIQQGADTQYFGGGTRLLVL	114
HAGVTQDPRFQVVRSGQKPTLRCTQDLNHNYMYWYRQDLGRGLRLIHYSNGPPNTENGDVPEGYSVSRPSTEDFPLTLESANPSQTSVYFCASSEGLWQVGDEQYFGPGTKLTVL	115
DAGITQSPRHKVTETGTPVTLRCHQTENHRYMYWYRQDPGHGLRLIHYSYGVKDTDKGEVSDGYSVSRSKTEDFLLTLESATSSQTSVYFCAISELVTGDSPLHFGIGTRLIVT	116
EPGVSQTPRHKVTNMGQEVILRCDPSSGHMFVHWYRQNLRQEMKLLISFQYQNIAVDSGMPKERFTAERPNGTSSTLKIHPAEPRDSAVYLYCASSRGTIHSNTEVFFGKGTRLTVV	117
EAGVAQSPRYKIIEKRQSVAFWCNPISGHATLYWYQQILGQGPKLLIQFQNNGVVDDSQLPKDRFSAERLKGVDSTLKIQPAKLEDSAVYLCASSLGGAGGADTQYFRLLVL	118
DTGVSQNPRHKITKRGQNVTFRCDPISEHNRLYWYRQTLGQGPEFLTYFQNEAQLEKSRLLSDRFSAERPKGSFSTLEIQRTEQGDSAMYLCASSPDIEQYFGPGTKLTVL	119
DGGITQTPKYVLKEEGRDVTLECEQDFNYDTMYWYRQDPGQRPRLIYFSLSAKDVQKGDMAEGYSASREKKPLFPLTVTLTQKNQTAVYLCAGQVTNTGELFFGAGSKLTVL	120
