6am5_al2.pdb	ALANQKLYSV
6am5_al2.pdb	ALWGPDPAAA
6am5_al2.pdb	ALYLVCGERG
6am5_al2.pdb	AMAAAAAAAV
6am5_al2.pdb	AVAANIVLTV
6am5_al2.pdb	ELAGIGILTV
6am5_al2.pdb	FIFPASKVYL
6am5_al2.pdb	FLALLAGAHA
6am5_al2.pdb	FLEQQNKILL
6am5_al2.pdb	FLYTGEGDTV
6am5_al2.pdb	FMECNLNELV
6am5_al2.pdb	FMLISAKATL
6am5_al2.pdb	IISAVVGILL
6am5_al2.pdb	ILEDRGFNQV
6am5_al2.pdb	IMEDVGWLNV
6am5_al2.pdb	IMLKGDNITL
6am5_al2.pdb	KIFSGVFVKV
6am5_al2.pdb	KLMPPDRTAV
6am5_al2.pdb	KLRNWQWWRL
6am5_al2.pdb	LLGICLTSTV
6am5_al2.pdb	LLQDSVDFSL
6am5_al2.pdb	LMFDRGMSLL
6am5_al2.pdb	MMWDRGLGMM
6am5_al2.pdb	MMWDRGMGLL
6am5_al2.pdb	NLSNLGILPV
6am5_al2.pdb	NMGGLGIMPV
6am5_al2.pdb	RLLIKKLPRV
6am5_al2.pdb	SHLVEALYLV
6am5_al2.pdb	SLSTFQQMWI
6am5_al2.pdb	SMAGIGIVDV
6am5_al2.pdb	SMLGIGIVPV
6am5_al2.pdb	VLDQLRCNGV
6am5_al2.pdb	VLIKGDNAAV
6am5_al2.pdb	VLINDADWEL
6am5_al2.pdb	VLKAGQTVTI
6am5_al2.pdb	VMIAGKVAVV
6am5_al2.pdb	VMNILLQYVV
6am5_al2.pdb	YLDHTADVQL
6am5_al2.pdb	YLLSGAGEHL
6am5_al2.pdb	YLQLVFGIEV
6am5_al2.pdb	YLVCGERGFF
6am5_al2.pdb	YMIMVKCWMI
6am5_al2.pdb	YQIKGLEWLV
6am5_al2.pdb	YTYSGLFCVV
6amu_al2.pdb	ALANQKLYSV
6amu_al2.pdb	ALWGPDPAAA
6amu_al2.pdb	ALYLVCGERG
6amu_al2.pdb	AMAAAAAAAV
6amu_al2.pdb	AVAANIVLTV
6amu_al2.pdb	ELAGIGILTV
6amu_al2.pdb	FIFPASKVYL
6amu_al2.pdb	FLALLAGAHA
6amu_al2.pdb	FLEQQNKILL
6amu_al2.pdb	FLYTGEGDTV
6amu_al2.pdb	FMECNLNELV
6amu_al2.pdb	FMLISAKATL
6amu_al2.pdb	IISAVVGILL
6amu_al2.pdb	ILEDRGFNQV
6amu_al2.pdb	IMEDVGWLNV
6amu_al2.pdb	IMLKGDNITL
6amu_al2.pdb	KIFSGVFVKV
6amu_al2.pdb	KLMPPDRTAV
6amu_al2.pdb	KLRNWQWWRL
6amu_al2.pdb	LLGICLTSTV
6amu_al2.pdb	LLQDSVDFSL
6amu_al2.pdb	LMFDRGMSLL
6amu_al2.pdb	MMWDRGLGMM
6amu_al2.pdb	MMWDRGMGLL
6amu_al2.pdb	NLSNLGILPV
6amu_al2.pdb	NMGGLGIMPV
6amu_al2.pdb	RLLIKKLPRV
6amu_al2.pdb	SHLVEALYLV
6amu_al2.pdb	SLSTFQQMWI
6amu_al2.pdb	SMAGIGIVDV
6amu_al2.pdb	SMLGIGIVPV
6amu_al2.pdb	VLDQLRCNGV
6amu_al2.pdb	VLIKGDNAAV
6amu_al2.pdb	VLINDADWEL
6amu_al2.pdb	VLKAGQTVTI
6amu_al2.pdb	VMIAGKVAVV
6amu_al2.pdb	VMNILLQYVV
6amu_al2.pdb	YLDHTADVQL
6amu_al2.pdb	YLLSGAGEHL
6amu_al2.pdb	YLQLVFGIEV
6amu_al2.pdb	YLVCGERGFF
6amu_al2.pdb	YMIMVKCWMI
6amu_al2.pdb	YQIKGLEWLV
6amu_al2.pdb	YTYSGLFCVV
3qdg_al2.pdb	ALANQKLYSV
3qdg_al2.pdb	ALWGPDPAAA
3qdg_al2.pdb	ALYLVCGERG
3qdg_al2.pdb	AMAAAAAAAV
3qdg_al2.pdb	AVAANIVLTV
3qdg_al2.pdb	ELAGIGILTV
3qdg_al2.pdb	FIFPASKVYL
3qdg_al2.pdb	FLALLAGAHA
3qdg_al2.pdb	FLEQQNKILL
3qdg_al2.pdb	FLYTGEGDTV
3qdg_al2.pdb	FMECNLNELV
3qdg_al2.pdb	FMLISAKATL
3qdg_al2.pdb	IISAVVGILL
3qdg_al2.pdb	ILEDRGFNQV
3qdg_al2.pdb	IMEDVGWLNV
3qdg_al2.pdb	IMLKGDNITL
3qdg_al2.pdb	KIFSGVFVKV
3qdg_al2.pdb	KLMPPDRTAV
3qdg_al2.pdb	KLRNWQWWRL
3qdg_al2.pdb	LLGICLTSTV
3qdg_al2.pdb	LLQDSVDFSL
3qdg_al2.pdb	LMFDRGMSLL
3qdg_al2.pdb	MMWDRGLGMM
3qdg_al2.pdb	MMWDRGMGLL
3qdg_al2.pdb	NLSNLGILPV
3qdg_al2.pdb	NMGGLGIMPV
3qdg_al2.pdb	RLLIKKLPRV
3qdg_al2.pdb	SHLVEALYLV
3qdg_al2.pdb	SLSTFQQMWI
3qdg_al2.pdb	SMAGIGIVDV
3qdg_al2.pdb	SMLGIGIVPV
3qdg_al2.pdb	VLDQLRCNGV
3qdg_al2.pdb	VLIKGDNAAV
3qdg_al2.pdb	VLINDADWEL
3qdg_al2.pdb	VLKAGQTVTI
3qdg_al2.pdb	VMIAGKVAVV
3qdg_al2.pdb	VMNILLQYVV
3qdg_al2.pdb	YLDHTADVQL
3qdg_al2.pdb	YLLSGAGEHL
3qdg_al2.pdb	YLQLVFGIEV
3qdg_al2.pdb	YLVCGERGFF
3qdg_al2.pdb	YMIMVKCWMI
3qdg_al2.pdb	YQIKGLEWLV
3qdg_al2.pdb	YTYSGLFCVV

