method,cdr3b,peptide,id_bench,rank,pdb.id,cdr3a,top.1,top.10,top.25,fail,not_supported
tcrdist.downs,CAAWDDSLNGWVF,RMFPNAPYL,,,4wuu,CARVQYSGYYDWFDPW,,,,,TRUE
tcrdist.downs,CAGQVTNTGELFF,YLQPRTFLL,,,7n6e,CVVNRNNDMRF,,,,,TRUE
tcrdist.downs,CAISELVTGDSPLHF,HMTEVVRHC,,,6vrn,CAFMGYSGAGSYQLTF,,,,,TRUE
tcrdist.downs,CAISEVGVGQPQHF,ELAGIGILTV,,,3qdm,CAGGTGNQFYF,,,,,TRUE
tcrdist.downs,CASGDAGGGYEQYF,SRGGASQYRPSQ,,,1u3h,CAASANSGTYQRF,,,,,TRUE
tcrdist.downs,CASGDASGAETLYF,RGGASQYRPSQ,,,2pxy,CALSENYGNEKITF,,,,,TRUE
tcrdist.downs,CASGDAWGYEQYF,FEAQKAKANKAV,,,3c6l,CAASDNRIFF,,,,,TRUE
tcrdist.downs,CASGDFWGDTLYF,FEAQKAKANKAVD,,,3c60,CAANSGTYQRF,,,,,TRUE
tcrdist.downs,CASGDFWGDTLYF,FEAQKAKANKAVD,,,3rdt,CAASKGADRLTF,,,,,TRUE
tcrdist.downs,CASGDFWGDTLYF,FEAQKAKANKAVD,,,4p5t,CAASRDSGQKLVF,,,,,TRUE
tcrdist.downs,CASGDFWGDTLYF,WIYVYRPMGCGGS,,,3rgv,CAANSGTYQRF,,,,,TRUE
tcrdist.downs,CASGGGGTLYF,QLSPFPFDL,,,2e7l,CAVSHQGRYLTF,,,,,TRUE
tcrdist.downs,CASGGGGTLYF,SIYRYYGL,,,1g6r,CAVSGFASALTF,,,,,TRUE
tcrdist.downs,CASGGQGRAEQFF,GNSHRGAIEWEGIESG,,,1d9k,CAATGSFNKLTF,,,,,TRUE
tcrdist.downs,CASGQGNFDIQYF,FLRGRAYGL,,,3sjv,CVVRAGKLIF,,,,,TRUE
tcrdist.downs,CASIDSSGNTLYF,FEAQKAKANKAVDG,,,3c5z,CALVISNTNKVVF,,,,,TRUE
tcrdist.downs,CASPGLAGEYEQYF,LPEPLPQGQLTAY,,,2ak4,CALSGFYNTDKLIF,,,,,TRUE
tcrdist.downs,CASREGLGGTEAFF,KRWIILGLNK,,,4g8g,CAMRDLRDNFNKFYF,,,,,TRUE
tcrdist.downs,CASRPGLAGGRPEQYF,LGYGFVNYI,,,3pwp,CAVTTDSWGKLQF,,,,,TRUE
tcrdist.downs,CASRPGLAGGRPEQYF,LLFGYPVYV,,,1ao7,CAVTTDSWGKLQF,,,,,TRUE
tcrdist.downs,CASRPGLMSAQPEQYF,LLFGYPVYV,,,4ftv,CAVTTDSWGKLQF,,,,,TRUE
tcrdist.downs,CASRPGWMAGGVELYF,ELAGIGILTV,,,5e9d,CAVTKYSWGKLQF,,,,,TRUE
tcrdist.downs,CASRPRDPVTQYF,LQPLALEGSLQKRG,,,4y1a,CAASSSAGGTSYGKLTF,,,,,TRUE
tcrdist.downs,CASRPRRDNEQFF,QPLALEGSLQKRG,,,4y19,CAASVYAGGTSYGKLTF,,,,,TRUE
tcrdist.downs,CASRRGPYEQYF,KLVALGINAV,,,5jzi,CAYGEDDKIIF,,,,,TRUE
tcrdist.downs,CASRTRGGTLIEQYF,IPLTEEAEL,,,5xot,CALGEGGAQKLVF,,,,,TRUE
tcrdist.downs,CASRYRDDSYNEQFF,EENLLDFVRF,,,3dxa,CIVWGGYQKVTF,,,,,TRUE
tcrdist.downs,CASSAGLDAEQYF,ASNENMETM,,,5sws,CAASEGSGSWQLIF,,,,,TRUE
tcrdist.downs,CASSAGTSGEYEQYF,SGEGSFQPSQENP,,,4z7v,CILRDSRAQKLVF,,,,,TRUE
tcrdist.downs,CASSANPGDSSNEKLFF,VMAPRTLIL,,,5w1v,CAGQPLGGSNYKLTF,,,,,TRUE
tcrdist.downs,CASSARSGELFF,HPVGEADYFEY,,,3mv7,CAVQDLGTSGSRLTF,,,,,TRUE
tcrdist.downs,CASSDAGGRNTLYF,KAPYDYAPI,,,6g9q,CAALYGNEKITF,,,,,TRUE
tcrdist.downs,CASSDAGGRNTLYF,KAVANFATM,,,5m00,CAALYGNEKITF,,,,,TRUE
tcrdist.downs,CASSDAPGQLYF,FLSPFWFDI,,,3tpu,CAVSAKGTGSKLSF,,,,,TRUE
tcrdist.downs,CASSDAPGQLYF,QLSDVPMDL,,,3tfk,CAVSAKGTGSKLSF,,,,,TRUE
tcrdist.downs,CASSDAPGQLYF,SPAEAGFFL,,,4ms8,CAVSAKGTGSKLSF,,,,,TRUE
tcrdist.downs,CASSDAPGQLYF,SPAPRPLDL,,,4mxq,CAVSAKGTGSKLSF,,,,,TRUE
tcrdist.downs,CASSDAPGQLYF,SPLDSLWWI,,,3tjh,CAVSAKGTGSKLSF,,,,,TRUE
tcrdist.downs,CASSDAPGQLYF,VPYMAEFGM,,,4n5e,CAVSAKGTGSKLSF,,,,,TRUE
tcrdist.downs,CASSDGDYEQYF,SPSYAYHQF,,,6l9l,CILQGTGSKLSF,,,,,TRUE
tcrdist.downs,CASSDPGTEAFF,GADGVGKSAL,,,6uon,CAAAMDSSYKLIF,,,,,TRUE
tcrdist.downs,CASSDTVSYEQYF,SLYNTVATL,,,5nme,CAVRTNSGYALNF,,,,,TRUE
tcrdist.downs,CASSDWGDTGQLYF,SQLLNAKYL,,,5wlg,CATVYAQGLTF,,,,,TRUE
tcrdist.downs,CASSDWVSYEQYF,ALWGFFPVL,,,1lp9,CALFLASSSFSKLVF,,,,,TRUE
tcrdist.downs,CASSEARRYNEQFF,PSGEGSFQPSQENPQ,,,4z7w,CAVGETGANNLFF,,,,,TRUE
tcrdist.downs,CASSEGLWQVGDEQYF,HMTEVVRHC,,,6vrm,CVVQPGGYQKVTF,,,,,TRUE
tcrdist.downs,CASSFGREQYF,SSLENFRAYV,,,3pqy,CILSGGSNYKLTF,,,,,TRUE
tcrdist.downs,CASSFIGGTDTQYF,YLEPGPVTV,,,5eu6,CAVLSSGGSNYKLTF,,,,,TRUE
tcrdist.downs,CASSFLGTGVEQYF,ALGIGILTV,,,4eup,CAVSGGGADGLTF,,,,,TRUE
tcrdist.downs,CASSFLMTSGDPYEQYF,GVYDGREHTV,,,6tro,CVVNHSGGSYIPTF,,,,,TRUE
tcrdist.downs,CASSFNMATGQYF,EVDPIGHLY,,,5brz,CAVRPGGAGPFFVVF,,,,,TRUE
tcrdist.downs,CASSFRALAADTQYF,APQPELPYPQPGS,,,4ozf,CIAFQGAQKLVF,,,,,TRUE
tcrdist.downs,CASSFRFTDTQYF,APQPELPYPQPG,,,4ozg,CIVLGGADGLTF,,,,,TRUE
tcrdist.downs,CASSFRGGKTQYF,IPLTEEAEL,,,6bj2,CALSHNSGGSNYKLTF,,,,,TRUE
tcrdist.downs,CASSFTWTSGGATDTQYF,FLRGRAYGL,,,3ffc,CAMREDTGNQFYF,,,,,TRUE
tcrdist.downs,CASSGGHTGSNEQFF,APRGPHGGAASGL,,,6avg,CLVVDQKLVF,,,,,TRUE
tcrdist.downs,CASSHGASTDTQYF,APFSEQEQPVLG,,,6px6,CAVHTGARLMF,,,,,TRUE
tcrdist.downs,CASSIFGQREQYF,GILGFVFTL,,,5isz,CAFDTNAGKSTF,,,,,TRUE
tcrdist.downs,CASSIGVYGYTF,GILGFVFTL,,,5jhd,CAWGVNAGGTSYGKLTF,,,,,TRUE
tcrdist.downs,CASSIQQGADTQYF,HMTEVVRHC,,,6vqo,CAMSGLKEDSSYKLIF,,,,,TRUE
tcrdist.downs,CASSIRSSYEQYF,GILGFVFTL,,,5euo,CAGAIGPSNTGKLIF,,,,,TRUE
tcrdist.downs,CASSITLSSYNEQFF,ITDQVPFSV,,,6vm7,CAVNARRNTPLVF,,,,,TRUE
tcrdist.downs,CASSLADRVNTEAFF,VHFFKNIVTPRTPG,,,1zgl,CALSGGDSSYKLIF,,,,,TRUE
tcrdist.downs,CASSLAPGTTNEKLFF,NLVPMVATV,,,5d2n,CILDNNNDMRF,,,,,TRUE
tcrdist.downs,CASSLAQGGETQYF,QAFWIDLFETIG,,,4p4k,CALSLYSGAGSYQLTF,,,,,TRUE
tcrdist.downs,CASSLDWGGQNTLYF,GGYAPAKAAAT,,,6v0y,CALSDSGSFNKLTF,,,,,TRUE
tcrdist.downs,CASSLDWGVNTLYF,GGYRAPAKAAAT,,,6v13,CALSPSNTNKVVF,,,,,TRUE
tcrdist.downs,CASSLEGGYYNEQFF,IPSINVHHY,,,4qrr,CALGELAGAGGTSYGKLTF,,,,,TRUE
tcrdist.downs,CASSLEGQGASEQFF,APMPMPELPYP,,,6u3n,CAVGAGSNYQLIW,,,,,TRUE
tcrdist.downs,CASSLGEGRVDGYTF,GADGVGKSA,,,6ulr,CLVGDMDQAGTALIF,,,,,TRUE
tcrdist.downs,CASSLGFGRDVMRF,RMFPNAPYL,,,6rsy,CIGGGTTSGTYKYIF,,,,,TRUE
tcrdist.downs,CASSLGGAGGADTQYF,RLQSLQTYV,,,7n1e,CALSGFNNAGNMLTF,,,,,TRUE
tcrdist.downs,CASSLGHTEVFF,RGPGRAFVTI,,,5ivx,CAASASFGDNSKLIW,,,,,TRUE
tcrdist.downs,CASSLGQAYEQYF,EEYLKAWTF,,,3kpr,CILPLAGGTSYGKLTF,,,,,TRUE
tcrdist.downs,CASSLGQAYEQYF,FLRGRAYGL,,,1mi5,CILPLAGGTSYGKLTF,,,,,TRUE
tcrdist.downs,CASSLGQGLLYGYTF,GTSGSPIVNR,,,5wkf,CGLGDAGNMLTF,,,,,TRUE
tcrdist.downs,CASSLIYPGELFF,GILGFVFTL,,,5e6i,CAGPGGSSNTGKLIF,,,,,TRUE
tcrdist.downs,CASSLLGGWSEAFF,GILGFVFTL,,,5tez,CAASFIIQGAQKLVF,,,,,TRUE
tcrdist.downs,CASSLNNANSDYTF,ADGLAYFRSSFKGG,,,4p2q,CAAEASNTNKVVF,,,,,TRUE
tcrdist.downs,CASSLNNANSDYTF,ADLIAYLKQATKG,,,3qiu,CAAEPSSGQKLVF,,,,,TRUE
tcrdist.downs,CASSLNNANSDYTF,ANGVAFFLTPFKA,,,4p2r,CAAEASNTNKVVF,,,,,TRUE
tcrdist.downs,CASSLNWSQDTQYF,ADLIAYLKQATKG,,,3qib,CAALRATGGNNKLTF,,,,,TRUE
tcrdist.downs,CASSLNWSQDTQYF,PADPLAFFSSAIKGGGGSLV,,,4p2o,CAALRATGGNNKLTF,,,,,TRUE
tcrdist.downs,CASSLRDGYTGELFF,QHIRCNIPKRISA,,,4h1l,CAVGASGNTGKLIF,,,,,TRUE
tcrdist.downs,CASSLRGRGDQPQHF,HSKKKCDEL,,,4qrp,CALSDPVNDMRF,,,,,TRUE
tcrdist.downs,CASSLSFGTEAFF,ELAGIGILTV,,,3qdg,CAVNFGGGKLIF,,,,,TRUE
tcrdist.downs,CASSLSFGTEAFF,MMWDRGLGMM,,,6amu,CAVNFGGGKLIF,,,,,TRUE
tcrdist.downs,CASSLTGGGELFF,TAFTIPSI,,,4mji,CATDDDSARQLTF,,,,,TRUE
tcrdist.downs,CASSLWEKLAKNIQYF,ALWGPDPAAA,,,3uts,CAMRGDSSYKLIF,,,,,TRUE
tcrdist.downs,CASSLWEKLAKNIQYF,RQFGPDWIVA,,,5c0c,CAMRGDSSYKLIF,,,,,TRUE
tcrdist.downs,CASSLWEKLAKNIQYF,YQFGPDFPIA,,,5c07,CAMRGDSSYKLIF,,,,,TRUE
tcrdist.downs,CASSMGGTYEQYF,ITDQVPFSV,,,6vma,CAVNALLGNQFYF,,,,,TRUE
tcrdist.downs,CASSMSAMGTEAFF,FEDLRVLSF,,,6mtm,CGTERSGGYQKVTF,,,,,TRUE
tcrdist.downs,CASSNRGLGTDTQYF,GPQQSFPEQEA,,,5ksb,CAVQASGGSYIPTF,,,,,TRUE
tcrdist.downs,CASSPDIEQYF,YLQPRTFLL,,,7n1f,CAVNRDDKIIF,,,,,TRUE
tcrdist.downs,CASSPLDVSISSYNEQFF,SLSKILDTV,,,6r2l,CAVGGNDWNTDKLIF,,,,,TRUE
tcrdist.downs,CASSPTSGIYEQYF,RFPLTFGWCF,,,3vxm,CAVGAPSGAGSYQLTF,,,,,TRUE
tcrdist.downs,CASSPVTGGIYGYTF,NLVPMVATV,,,3gsn,CARNTGNQFYF,,,,,TRUE
tcrdist.downs,CASSQDLFTGGYTF,RPPIFIRRL,,,6vmx,CAFGSSNTGKLIF,,,,,TRUE
tcrdist.downs,CASSQDRDTQYF,VMAPRTLIL,,,2esv,CIVVRSSNTGKLIF,,,,,TRUE
tcrdist.downs,CASSQGLAGAGELFF,ELAGIGILTV,,,5nht,CAVGGGADGLTF,,,,,TRUE
tcrdist.downs,CASSQIRETQYF,GELIGILNAAKVPAD,,,4e41,CAVDRGSTLGRLYF,,,,,TRUE
tcrdist.downs,CASSQRQEGDTQYF,APRGPHGGAASGL,,,6avf,CLVGEILDNFNKFYF,,,,,TRUE
tcrdist.downs,CASSQTQLWETQYF,NLVPMVATV,,,5d2l,CAFITGNQFYF,,,,,TRUE
tcrdist.downs,CASSRDLGRDTQYF,ASNENMETM,,,5swz,CAASETSGSWQLIF,,,,,TRUE
tcrdist.downs,CASSRGTIHSNTEVFF,ASNENMETM,,,7jwj,CAAVTGNTGKLIF,,,,,TRUE
tcrdist.downs,CASSRLAGGMDEQFF,RFYKTLRAEQASQ,,,6cql,CAFKAAGNKLTF,,,,,TRUE
tcrdist.downs,CASSRTGSTYEQYF,LPEPLPQGQLTAY,,,4jry,CAVGGGSNYQLIW,,,,,TRUE
tcrdist.downs,CASSRTSPTDTQYF,KQWLVWLFL,,,6p64,CAFMDSNYQLIW,,,,,TRUE
tcrdist.downs,CASSSGGWGGGTEAFF,APFSEQEQPVLG,,,6py2,CASPQGGSEKLVF,,,,,TRUE
tcrdist.downs,CASSSPGGVSTEAFF,SLLMWITQV,,,6rp9,CALTRGPGNQFYF,,,,,TRUE
tcrdist.downs,CASSSRSSYEQYF,GILGFVFTL,,,1oga,CAGAGSQGNLIF,,,,,TRUE
tcrdist.downs,CASSSTGLPYGYTF,PKYVKQNTLKLAT,,,1fyt,CAVSESPFGNEKLTF,,,,,TRUE
tcrdist.downs,CASSSWDTGELFF,RYPLTFGWCF,,,3vxr,CAVRMDSSYKLIF,,,,,TRUE
tcrdist.downs,CASSTTPGTGTETQYF,APSGEGSFQPSQENPQ,,,4z7u,CILRDRSNQFYF,,,,,TRUE
tcrdist.downs,CASSVAGTPSYEQYF,QPQQSFPEQEA,,,5ksa,CAVQFMDSNYQLIW,,,,,TRUE
tcrdist.downs,CASSVAPGSDTQYF,APSGEGSFQPSQENPQ,,,5ks9,CAVALNNNAGNMLTF,,,,,TRUE
tcrdist.downs,CASSVAVSAGTYEQYF,SGEGSFQPSQENP,,,4gg6,CILRDGRGGADGLTF,,,,,TRUE
tcrdist.downs,CASSVRSTDTQYF,APQPELPYPQPGS,,,4ozh,CIVWGGATNKLIF,,,,,TRUE
tcrdist.downs,CASSWDRAGNTLYF,GAMKRHGLDNYRGYSLG,,,3mbe,CAAEDGGSGNKLIF,,,,,TRUE
tcrdist.downs,CASSYLNRDSALDF,SLLMWITQV,,,6rpb,CAVKSGGSYIPTF,,,,,TRUE
tcrdist.downs,CASSYPGGGFYEQYF,LLFGYPVYV,,,1bd2,CAAMEGAQKLVF,,,,,TRUE
tcrdist.downs,CASSYQGTEAFF,ILAKFLHWL,,,4mnq,CAVDSATALPYGYIF,,,,,TRUE
tcrdist.downs,CASSYVGNTGELFF,SLLMWITQV,,,2bnq,CAVRPTSGGSYIPTF,,,,,TRUE
tcrdist.downs,CASTGSYGYTF,KAFSPEVIPMF,,,2ypl,CAVSGGYQKVTF,,,,,TRUE
tcrdist.downs,CASTYHGTGYF,GELIGILNAAKVPAD,,,2iam,CAALIQGAQKLVF,,,,,TRUE
tcrdist.downs,CATGTGDSNQPQHF,EPLPQGQLTAY,,,2nx5,CAVQASGGSYIPTF,,,,,TRUE
tcrdist.downs,CATSALGDTQYF,NPVVHFFKNIVTPR,,,3pl6,CAASSFGNEKLTF,,,,,TRUE
tcrdist.downs,CATSALGDTQYF,QLVHFVRDFAQL,,,4may,CAASSFGNEKLTF,,,,,TRUE
tcrdist.downs,CATSALGDTQYF,RLLMLFAKDVVSRN,,,4grl,CAASSFGNEKLTF,,,,,TRUE
tcrdist.downs,CAWSETGLGMGGWQF,ELAAIGILTV,,,4jfd,CAVNDGGRLTF,,,,,TRUE
tcrdist.downs,CAWSETGLGTGELFF,ELAGIGILTV,,,3hg1,CAVNVAGKSTF,,,,,TRUE
tcrdist.downs,CAWSVSVGAGVPTIYF,RYPLTFGWCF,,,3nfj,CALGELARSGGYQKVTF,,,,,TRUE
tcrdist.downs,CSAGVGGQETQYF,QPFPQPELPYP,,,4ozi,CLVGDGGSFSGGYNKLIF,,,,,TRUE
tcrdist.downs,CSARDGTGNGYTF,GLCTLVAML,,,3o4l,CAEDNNARLMF,,,,,TRUE
tcrdist.downs,CSARDLTSGANNEQFF,ENPVVHFFKNIVTP,,,1ymm,CATDTTSGTYKYIF,,,,,TRUE
tcrdist.downs,CSARGGSYNSPLHF,FSWGAEGQRPGF,,,3o6f,CTVYGGATNKLIF,,,,,TRUE
tcrdist.downs,CSVGGSGGADTQYF,SLLMWITQV,,,6rpa,CAVRDINSGAGSYQLTF,,,,,TRUE
tcrdist.downs,CTCSAAPDWGASAETLYF,KVITFIDL,,,1kj2,CAARYQGGRALIF,,,,,TRUE
tcrdist.downs,CTCSADRVGNTLYF,INFDFNTI,,,1fo0,CAMRGDYGGSGNKLIF,,,,,TRUE
tcrdist.downs,CTCSADRVGNTLYF,RGYVYQGL,,,1nam,CAMRGDYGGSGNKLIF,,,,,TRUE
tcrdist.downs,CTCSADRVGNTLYF,SQYYYNSL,,,2ol3,CAMRGDYGGSGNKLIF,,,,,TRUE
tcrdist.downs,CWSFAGSYYVF,SLLMWITQV,,,3gjf,CAGELLPYYGMDVW,,,,,TRUE
tcrdist.f_lev,CAAWDDSLNGWVF,RMFPNAPYL,,,4wuu,CARVQYSGYYDWFDPW,,,,,TRUE
tcrdist.f_lev,CAGQVTNTGELFF,YLQPRTFLL,,,7n6e,CVVNRNNDMRF,,,,,TRUE
tcrdist.f_lev,CAISELVTGDSPLHF,HMTEVVRHC,,,6vrn,CAFMGYSGAGSYQLTF,,,,,TRUE
tcrdist.f_lev,CAISEVGVGQPQHF,ELAGIGILTV,,,3qdm,CAGGTGNQFYF,,,,,TRUE
tcrdist.f_lev,CASGDAGGGYEQYF,SRGGASQYRPSQ,,,1u3h,CAASANSGTYQRF,,,,,TRUE
tcrdist.f_lev,CASGDASGAETLYF,RGGASQYRPSQ,,,2pxy,CALSENYGNEKITF,,,,,TRUE
tcrdist.f_lev,CASGDAWGYEQYF,FEAQKAKANKAV,,,3c6l,CAASDNRIFF,,,,,TRUE
tcrdist.f_lev,CASGDFWGDTLYF,FEAQKAKANKAVD,,,3c60,CAANSGTYQRF,,,,,TRUE
tcrdist.f_lev,CASGDFWGDTLYF,FEAQKAKANKAVD,,,3rdt,CAASKGADRLTF,,,,,TRUE
tcrdist.f_lev,CASGDFWGDTLYF,FEAQKAKANKAVD,,,4p5t,CAASRDSGQKLVF,,,,,TRUE
tcrdist.f_lev,CASGDFWGDTLYF,WIYVYRPMGCGGS,,,3rgv,CAANSGTYQRF,,,,,TRUE
tcrdist.f_lev,CASGGGGTLYF,QLSPFPFDL,,,2e7l,CAVSHQGRYLTF,,,,,TRUE
tcrdist.f_lev,CASGGGGTLYF,SIYRYYGL,,,1g6r,CAVSGFASALTF,,,,,TRUE
tcrdist.f_lev,CASGGQGRAEQFF,GNSHRGAIEWEGIESG,,,1d9k,CAATGSFNKLTF,,,,,TRUE
tcrdist.f_lev,CASGQGNFDIQYF,FLRGRAYGL,,,3sjv,CVVRAGKLIF,,,,,TRUE
tcrdist.f_lev,CASIDSSGNTLYF,FEAQKAKANKAVDG,,,3c5z,CALVISNTNKVVF,,,,,TRUE
tcrdist.f_lev,CASPGLAGEYEQYF,LPEPLPQGQLTAY,,,2ak4,CALSGFYNTDKLIF,,,,,TRUE
tcrdist.f_lev,CASREGLGGTEAFF,KRWIILGLNK,,,4g8g,CAMRDLRDNFNKFYF,,,,,TRUE
tcrdist.f_lev,CASRPGLAGGRPEQYF,LGYGFVNYI,,,3pwp,CAVTTDSWGKLQF,,,,,TRUE
tcrdist.f_lev,CASRPGLAGGRPEQYF,LLFGYPVYV,,,1ao7,CAVTTDSWGKLQF,,,,,TRUE
tcrdist.f_lev,CASRPGLMSAQPEQYF,LLFGYPVYV,,,4ftv,CAVTTDSWGKLQF,,,,,TRUE
tcrdist.f_lev,CASRPGWMAGGVELYF,ELAGIGILTV,,,5e9d,CAVTKYSWGKLQF,,,,,TRUE
tcrdist.f_lev,CASRPRDPVTQYF,LQPLALEGSLQKRG,,,4y1a,CAASSSAGGTSYGKLTF,,,,,TRUE
tcrdist.f_lev,CASRPRRDNEQFF,QPLALEGSLQKRG,,,4y19,CAASVYAGGTSYGKLTF,,,,,TRUE
tcrdist.f_lev,CASRRGPYEQYF,KLVALGINAV,,,5jzi,CAYGEDDKIIF,,,,,TRUE
tcrdist.f_lev,CASRTRGGTLIEQYF,IPLTEEAEL,,,5xot,CALGEGGAQKLVF,,,,,TRUE
tcrdist.f_lev,CASRYRDDSYNEQFF,EENLLDFVRF,,,3dxa,CIVWGGYQKVTF,,,,,TRUE
tcrdist.f_lev,CASSAGLDAEQYF,ASNENMETM,,,5sws,CAASEGSGSWQLIF,,,,,TRUE
tcrdist.f_lev,CASSAGTSGEYEQYF,SGEGSFQPSQENP,,,4z7v,CILRDSRAQKLVF,,,,,TRUE
tcrdist.f_lev,CASSANPGDSSNEKLFF,VMAPRTLIL,,,5w1v,CAGQPLGGSNYKLTF,,,,,TRUE
tcrdist.f_lev,CASSARSGELFF,HPVGEADYFEY,,,3mv7,CAVQDLGTSGSRLTF,,,,,TRUE
tcrdist.f_lev,CASSDAGGRNTLYF,KAPYDYAPI,,,6g9q,CAALYGNEKITF,,,,,TRUE
tcrdist.f_lev,CASSDAGGRNTLYF,KAVANFATM,,,5m00,CAALYGNEKITF,,,,,TRUE
tcrdist.f_lev,CASSDAPGQLYF,FLSPFWFDI,,,3tpu,CAVSAKGTGSKLSF,,,,,TRUE
tcrdist.f_lev,CASSDAPGQLYF,QLSDVPMDL,,,3tfk,CAVSAKGTGSKLSF,,,,,TRUE
tcrdist.f_lev,CASSDAPGQLYF,SPAEAGFFL,,,4ms8,CAVSAKGTGSKLSF,,,,,TRUE
tcrdist.f_lev,CASSDAPGQLYF,SPAPRPLDL,,,4mxq,CAVSAKGTGSKLSF,,,,,TRUE
tcrdist.f_lev,CASSDAPGQLYF,SPLDSLWWI,,,3tjh,CAVSAKGTGSKLSF,,,,,TRUE
tcrdist.f_lev,CASSDAPGQLYF,VPYMAEFGM,,,4n5e,CAVSAKGTGSKLSF,,,,,TRUE
tcrdist.f_lev,CASSDGDYEQYF,SPSYAYHQF,,,6l9l,CILQGTGSKLSF,,,,,TRUE
tcrdist.f_lev,CASSDPGTEAFF,GADGVGKSAL,,,6uon,CAAAMDSSYKLIF,,,,,TRUE
tcrdist.f_lev,CASSDTVSYEQYF,SLYNTVATL,,,5nme,CAVRTNSGYALNF,,,,,TRUE
tcrdist.f_lev,CASSDWGDTGQLYF,SQLLNAKYL,,,5wlg,CATVYAQGLTF,,,,,TRUE
tcrdist.f_lev,CASSDWVSYEQYF,ALWGFFPVL,,,1lp9,CALFLASSSFSKLVF,,,,,TRUE
tcrdist.f_lev,CASSEARRYNEQFF,PSGEGSFQPSQENPQ,,,4z7w,CAVGETGANNLFF,,,,,TRUE
tcrdist.f_lev,CASSEGLWQVGDEQYF,HMTEVVRHC,,,6vrm,CVVQPGGYQKVTF,,,,,TRUE
tcrdist.f_lev,CASSFGREQYF,SSLENFRAYV,,,3pqy,CILSGGSNYKLTF,,,,,TRUE
tcrdist.f_lev,CASSFIGGTDTQYF,YLEPGPVTV,,,5eu6,CAVLSSGGSNYKLTF,,,,,TRUE
tcrdist.f_lev,CASSFLGTGVEQYF,ALGIGILTV,,,4eup,CAVSGGGADGLTF,,,,,TRUE
tcrdist.f_lev,CASSFLMTSGDPYEQYF,GVYDGREHTV,,,6tro,CVVNHSGGSYIPTF,,,,,TRUE
tcrdist.f_lev,CASSFNMATGQYF,EVDPIGHLY,,,5brz,CAVRPGGAGPFFVVF,,,,,TRUE
tcrdist.f_lev,CASSFRALAADTQYF,APQPELPYPQPGS,,,4ozf,CIAFQGAQKLVF,,,,,TRUE
tcrdist.f_lev,CASSFRFTDTQYF,APQPELPYPQPG,,,4ozg,CIVLGGADGLTF,,,,,TRUE
tcrdist.f_lev,CASSFRGGKTQYF,IPLTEEAEL,,,6bj2,CALSHNSGGSNYKLTF,,,,,TRUE
tcrdist.f_lev,CASSFTWTSGGATDTQYF,FLRGRAYGL,,,3ffc,CAMREDTGNQFYF,,,,,TRUE
tcrdist.f_lev,CASSGGHTGSNEQFF,APRGPHGGAASGL,,,6avg,CLVVDQKLVF,,,,,TRUE
tcrdist.f_lev,CASSHGASTDTQYF,APFSEQEQPVLG,,,6px6,CAVHTGARLMF,,,,,TRUE
tcrdist.f_lev,CASSIFGQREQYF,GILGFVFTL,,,5isz,CAFDTNAGKSTF,,,,,TRUE
tcrdist.f_lev,CASSIGVYGYTF,GILGFVFTL,,,5jhd,CAWGVNAGGTSYGKLTF,,,,,TRUE
tcrdist.f_lev,CASSIQQGADTQYF,HMTEVVRHC,,,6vqo,CAMSGLKEDSSYKLIF,,,,,TRUE
tcrdist.f_lev,CASSIRSSYEQYF,GILGFVFTL,,,5euo,CAGAIGPSNTGKLIF,,,,,TRUE
tcrdist.f_lev,CASSITLSSYNEQFF,ITDQVPFSV,,,6vm7,CAVNARRNTPLVF,,,,,TRUE
tcrdist.f_lev,CASSLADRVNTEAFF,VHFFKNIVTPRTPG,,,1zgl,CALSGGDSSYKLIF,,,,,TRUE
tcrdist.f_lev,CASSLAPGTTNEKLFF,NLVPMVATV,,,5d2n,CILDNNNDMRF,,,,,TRUE
tcrdist.f_lev,CASSLAQGGETQYF,QAFWIDLFETIG,,,4p4k,CALSLYSGAGSYQLTF,,,,,TRUE
tcrdist.f_lev,CASSLDWGGQNTLYF,GGYAPAKAAAT,,,6v0y,CALSDSGSFNKLTF,,,,,TRUE
tcrdist.f_lev,CASSLDWGVNTLYF,GGYRAPAKAAAT,,,6v13,CALSPSNTNKVVF,,,,,TRUE
tcrdist.f_lev,CASSLEGGYYNEQFF,IPSINVHHY,,,4qrr,CALGELAGAGGTSYGKLTF,,,,,TRUE
tcrdist.f_lev,CASSLEGQGASEQFF,APMPMPELPYP,,,6u3n,CAVGAGSNYQLIW,,,,,TRUE
tcrdist.f_lev,CASSLGEGRVDGYTF,GADGVGKSA,,,6ulr,CLVGDMDQAGTALIF,,,,,TRUE
tcrdist.f_lev,CASSLGFGRDVMRF,RMFPNAPYL,,,6rsy,CIGGGTTSGTYKYIF,,,,,TRUE
tcrdist.f_lev,CASSLGGAGGADTQYF,RLQSLQTYV,,,7n1e,CALSGFNNAGNMLTF,,,,,TRUE
tcrdist.f_lev,CASSLGHTEVFF,RGPGRAFVTI,,,5ivx,CAASASFGDNSKLIW,,,,,TRUE
tcrdist.f_lev,CASSLGQAYEQYF,EEYLKAWTF,,,3kpr,CILPLAGGTSYGKLTF,,,,,TRUE
tcrdist.f_lev,CASSLGQAYEQYF,FLRGRAYGL,,,1mi5,CILPLAGGTSYGKLTF,,,,,TRUE
tcrdist.f_lev,CASSLGQGLLYGYTF,GTSGSPIVNR,,,5wkf,CGLGDAGNMLTF,,,,,TRUE
tcrdist.f_lev,CASSLIYPGELFF,GILGFVFTL,,,5e6i,CAGPGGSSNTGKLIF,,,,,TRUE
tcrdist.f_lev,CASSLLGGWSEAFF,GILGFVFTL,,,5tez,CAASFIIQGAQKLVF,,,,,TRUE
tcrdist.f_lev,CASSLNNANSDYTF,ADGLAYFRSSFKGG,,,4p2q,CAAEASNTNKVVF,,,,,TRUE
tcrdist.f_lev,CASSLNNANSDYTF,ADLIAYLKQATKG,,,3qiu,CAAEPSSGQKLVF,,,,,TRUE
tcrdist.f_lev,CASSLNNANSDYTF,ANGVAFFLTPFKA,,,4p2r,CAAEASNTNKVVF,,,,,TRUE
tcrdist.f_lev,CASSLNWSQDTQYF,ADLIAYLKQATKG,,,3qib,CAALRATGGNNKLTF,,,,,TRUE
tcrdist.f_lev,CASSLNWSQDTQYF,PADPLAFFSSAIKGGGGSLV,,,4p2o,CAALRATGGNNKLTF,,,,,TRUE
tcrdist.f_lev,CASSLRDGYTGELFF,QHIRCNIPKRISA,,,4h1l,CAVGASGNTGKLIF,,,,,TRUE
tcrdist.f_lev,CASSLRGRGDQPQHF,HSKKKCDEL,,,4qrp,CALSDPVNDMRF,,,,,TRUE
tcrdist.f_lev,CASSLSFGTEAFF,ELAGIGILTV,,,3qdg,CAVNFGGGKLIF,,,,,TRUE
tcrdist.f_lev,CASSLSFGTEAFF,MMWDRGLGMM,,,6amu,CAVNFGGGKLIF,,,,,TRUE
tcrdist.f_lev,CASSLTGGGELFF,TAFTIPSI,,,4mji,CATDDDSARQLTF,,,,,TRUE
tcrdist.f_lev,CASSLWEKLAKNIQYF,ALWGPDPAAA,,,3uts,CAMRGDSSYKLIF,,,,,TRUE
tcrdist.f_lev,CASSLWEKLAKNIQYF,RQFGPDWIVA,,,5c0c,CAMRGDSSYKLIF,,,,,TRUE
tcrdist.f_lev,CASSLWEKLAKNIQYF,YQFGPDFPIA,,,5c07,CAMRGDSSYKLIF,,,,,TRUE
tcrdist.f_lev,CASSMGGTYEQYF,ITDQVPFSV,,,6vma,CAVNALLGNQFYF,,,,,TRUE
tcrdist.f_lev,CASSMSAMGTEAFF,FEDLRVLSF,,,6mtm,CGTERSGGYQKVTF,,,,,TRUE
tcrdist.f_lev,CASSNRGLGTDTQYF,GPQQSFPEQEA,,,5ksb,CAVQASGGSYIPTF,,,,,TRUE
tcrdist.f_lev,CASSPDIEQYF,YLQPRTFLL,,,7n1f,CAVNRDDKIIF,,,,,TRUE
tcrdist.f_lev,CASSPLDVSISSYNEQFF,SLSKILDTV,,,6r2l,CAVGGNDWNTDKLIF,,,,,TRUE
tcrdist.f_lev,CASSPTSGIYEQYF,RFPLTFGWCF,,,3vxm,CAVGAPSGAGSYQLTF,,,,,TRUE
tcrdist.f_lev,CASSPVTGGIYGYTF,NLVPMVATV,,,3gsn,CARNTGNQFYF,,,,,TRUE
tcrdist.f_lev,CASSQDLFTGGYTF,RPPIFIRRL,,,6vmx,CAFGSSNTGKLIF,,,,,TRUE
tcrdist.f_lev,CASSQDRDTQYF,VMAPRTLIL,,,2esv,CIVVRSSNTGKLIF,,,,,TRUE
tcrdist.f_lev,CASSQGLAGAGELFF,ELAGIGILTV,,,5nht,CAVGGGADGLTF,,,,,TRUE
tcrdist.f_lev,CASSQIRETQYF,GELIGILNAAKVPAD,,,4e41,CAVDRGSTLGRLYF,,,,,TRUE
tcrdist.f_lev,CASSQRQEGDTQYF,APRGPHGGAASGL,,,6avf,CLVGEILDNFNKFYF,,,,,TRUE
tcrdist.f_lev,CASSQTQLWETQYF,NLVPMVATV,,,5d2l,CAFITGNQFYF,,,,,TRUE
tcrdist.f_lev,CASSRDLGRDTQYF,ASNENMETM,,,5swz,CAASETSGSWQLIF,,,,,TRUE
tcrdist.f_lev,CASSRGTIHSNTEVFF,ASNENMETM,,,7jwj,CAAVTGNTGKLIF,,,,,TRUE
tcrdist.f_lev,CASSRLAGGMDEQFF,RFYKTLRAEQASQ,,,6cql,CAFKAAGNKLTF,,,,,TRUE
tcrdist.f_lev,CASSRTGSTYEQYF,LPEPLPQGQLTAY,,,4jry,CAVGGGSNYQLIW,,,,,TRUE
tcrdist.f_lev,CASSRTSPTDTQYF,KQWLVWLFL,,,6p64,CAFMDSNYQLIW,,,,,TRUE
tcrdist.f_lev,CASSSGGWGGGTEAFF,APFSEQEQPVLG,,,6py2,CASPQGGSEKLVF,,,,,TRUE
tcrdist.f_lev,CASSSPGGVSTEAFF,SLLMWITQV,,,6rp9,CALTRGPGNQFYF,,,,,TRUE
tcrdist.f_lev,CASSSRSSYEQYF,GILGFVFTL,,,1oga,CAGAGSQGNLIF,,,,,TRUE
tcrdist.f_lev,CASSSTGLPYGYTF,PKYVKQNTLKLAT,,,1fyt,CAVSESPFGNEKLTF,,,,,TRUE
tcrdist.f_lev,CASSSWDTGELFF,RYPLTFGWCF,,,3vxr,CAVRMDSSYKLIF,,,,,TRUE
tcrdist.f_lev,CASSTTPGTGTETQYF,APSGEGSFQPSQENPQ,,,4z7u,CILRDRSNQFYF,,,,,TRUE
tcrdist.f_lev,CASSVAGTPSYEQYF,QPQQSFPEQEA,,,5ksa,CAVQFMDSNYQLIW,,,,,TRUE
tcrdist.f_lev,CASSVAPGSDTQYF,APSGEGSFQPSQENPQ,,,5ks9,CAVALNNNAGNMLTF,,,,,TRUE
tcrdist.f_lev,CASSVAVSAGTYEQYF,SGEGSFQPSQENP,,,4gg6,CILRDGRGGADGLTF,,,,,TRUE
tcrdist.f_lev,CASSVRSTDTQYF,APQPELPYPQPGS,,,4ozh,CIVWGGATNKLIF,,,,,TRUE
tcrdist.f_lev,CASSWDRAGNTLYF,GAMKRHGLDNYRGYSLG,,,3mbe,CAAEDGGSGNKLIF,,,,,TRUE
tcrdist.f_lev,CASSYLNRDSALDF,SLLMWITQV,,,6rpb,CAVKSGGSYIPTF,,,,,TRUE
tcrdist.f_lev,CASSYPGGGFYEQYF,LLFGYPVYV,,,1bd2,CAAMEGAQKLVF,,,,,TRUE
tcrdist.f_lev,CASSYQGTEAFF,ILAKFLHWL,,,4mnq,CAVDSATALPYGYIF,,,,,TRUE
tcrdist.f_lev,CASSYVGNTGELFF,SLLMWITQV,,,2bnq,CAVRPTSGGSYIPTF,,,,,TRUE
tcrdist.f_lev,CASTGSYGYTF,KAFSPEVIPMF,,,2ypl,CAVSGGYQKVTF,,,,,TRUE
tcrdist.f_lev,CASTYHGTGYF,GELIGILNAAKVPAD,,,2iam,CAALIQGAQKLVF,,,,,TRUE
tcrdist.f_lev,CATGTGDSNQPQHF,EPLPQGQLTAY,,,2nx5,CAVQASGGSYIPTF,,,,,TRUE
tcrdist.f_lev,CATSALGDTQYF,NPVVHFFKNIVTPR,,,3pl6,CAASSFGNEKLTF,,,,,TRUE
tcrdist.f_lev,CATSALGDTQYF,QLVHFVRDFAQL,,,4may,CAASSFGNEKLTF,,,,,TRUE
tcrdist.f_lev,CATSALGDTQYF,RLLMLFAKDVVSRN,,,4grl,CAASSFGNEKLTF,,,,,TRUE
tcrdist.f_lev,CAWSETGLGMGGWQF,ELAAIGILTV,,,4jfd,CAVNDGGRLTF,,,,,TRUE
tcrdist.f_lev,CAWSETGLGTGELFF,ELAGIGILTV,,,3hg1,CAVNVAGKSTF,,,,,TRUE
tcrdist.f_lev,CAWSVSVGAGVPTIYF,RYPLTFGWCF,,,3nfj,CALGELARSGGYQKVTF,,,,,TRUE
tcrdist.f_lev,CSAGVGGQETQYF,QPFPQPELPYP,,,4ozi,CLVGDGGSFSGGYNKLIF,,,,,TRUE
tcrdist.f_lev,CSARDGTGNGYTF,GLCTLVAML,,,3o4l,CAEDNNARLMF,,,,,TRUE
tcrdist.f_lev,CSARDLTSGANNEQFF,ENPVVHFFKNIVTP,,,1ymm,CATDTTSGTYKYIF,,,,,TRUE
tcrdist.f_lev,CSARGGSYNSPLHF,FSWGAEGQRPGF,,,3o6f,CTVYGGATNKLIF,,,,,TRUE
tcrdist.f_lev,CSVGGSGGADTQYF,SLLMWITQV,,,6rpa,CAVRDINSGAGSYQLTF,,,,,TRUE
tcrdist.f_lev,CTCSAAPDWGASAETLYF,KVITFIDL,,,1kj2,CAARYQGGRALIF,,,,,TRUE
tcrdist.f_lev,CTCSADRVGNTLYF,INFDFNTI,,,1fo0,CAMRGDYGGSGNKLIF,,,,,TRUE
tcrdist.f_lev,CTCSADRVGNTLYF,RGYVYQGL,,,1nam,CAMRGDYGGSGNKLIF,,,,,TRUE
tcrdist.f_lev,CTCSADRVGNTLYF,SQYYYNSL,,,2ol3,CAMRGDYGGSGNKLIF,,,,,TRUE
tcrdist.f_lev,CWSFAGSYYVF,SLLMWITQV,,,3gjf,CAGELLPYYGMDVW,,,,,TRUE
